Model,Accuracy,ROC-AUC,F1-Score,Precision,Recall
Logistic Regression,0.9999459304311619,0.9999872307497721,0.9998624613252816,0.9997249604791343,1.0
Xgboost,0.8743175611895709,0.9525250385066943,0.7383554020604024,0.6248177287804253,0.9023186810926443
Random Forest,0.8180220442137476,0.8862359679450293,0.6220524833234681,0.5255414003702732,0.7619842233009708
